texto,area
Quais são os critérios para receber o BPC LOAS?,Previdenciário
Como calcular as férias proporcionais?,Trabalhista
Discussão sobre guarda dos filhos.,Cível
Fui cobrado indevidamente no cartão.,Consumidor
Tenho direito a fiança?,Penal
Como recorrer de uma multa administrativa?,Administrativo
Como parcelar dívidas com a Receita Federal?,Tributário
Regras da Lei Geral de Proteção de Dados.,Empresarial
Como funciona a aposentadoria por tempo de contribuição?,Previdenciário
Como funcionam as horas extras no meu contrato?,Trabalhista
Como contestar cláusula abusiva em contrato?,Cível
Como acionar o Procon contra uma empresa?,Consumidor
Como registrar boletim de ocorrência por injúria?,Penal
Posso acumular cargos públicos?,Administrativo
Minha empresa recebeu multa fiscal.,Tributário
Preciso revisar contrato social da empresa.,Empresarial
Tenho direito à pensão por morte?,Previdenciário
Quais são os direitos após demissão sem justa causa?,Trabalhista
Quero entrar com ação de divórcio consensual.,Cível
A loja se recusou a trocar meu produto.,Consumidor
Qual a pena por porte de drogas?,Penal
Como recorrer de uma multa administrativa?,Administrativo
Como parcelar dívidas com a Receita Federal?,Tributário
Qual o regime tributário ideal para minha empresa?,Empresarial
Como funciona a aposentadoria por tempo de contribuição?,Previdenciário
Como calcular as férias proporcionais?,Trabalhista
Meu vizinho invadiu meu terreno com construção.,Cível
A loja se recusou a trocar meu produto.,Consumidor
"Fui vítima de ameaça, como denunciar?",Penal
Posso acumular cargos públicos?,Administrativo
Minha empresa recebeu multa fiscal.,Tributário
Preciso revisar contrato social da empresa.,Empresarial
Quais são os documentos para aposentadoria rural?,Previdenciário
A empresa não depositou o FGTS corretamente.,Trabalhista
Meu vizinho invadiu meu terreno com construção.,Cível
"Recebi produto com defeito, o que fazer?",Consumidor
Dirigi embriagado e fui preso em flagrante.,Penal
Posso acumular cargos públicos?,Administrativo
Como parcelar dívidas com a Receita Federal?,Tributário
Como registrar uma marca no INPI?,Empresarial
Quais são os documentos para aposentadoria rural?,Previdenciário
Como calcular as férias proporcionais?,Trabalhista
Como contestar cláusula abusiva em contrato?,Cível
"Recebi produto com defeito, o que fazer?",Consumidor
Qual a pena por porte de drogas?,Penal
Posso acumular cargos públicos?,Administrativo
Qual a diferença entre ICMS e ISS?,Tributário
Regras da Lei Geral de Proteção de Dados.,Empresarial
Como pedir aposentadoria por invalidez?,Previdenciário
A empresa não depositou o FGTS corretamente.,Trabalhista
Quero entrar com ação de divórcio consensual.,Cível
Atraso na entrega de produto comprado online.,Consumidor
Dirigi embriagado e fui preso em flagrante.,Penal
Como recorrer de uma multa administrativa?,Administrativo
Como calcular o ITBI?,Tributário
Como registrar uma marca no INPI?,Empresarial
Tenho direito à pensão por morte?,Previdenciário
Posso ser demitido durante o aviso médico?,Trabalhista
Desejo mover ação de cobrança judicial.,Cível
Fui cobrado indevidamente no cartão.,Consumidor
Qual a pena por porte de drogas?,Penal
Quais direitos tenho como servidor público?,Administrativo
Qual a diferença entre ICMS e ISS?,Tributário
Como registrar uma marca no INPI?,Empresarial
Como pedir aposentadoria por invalidez?,Previdenciário
Como funcionam as horas extras no meu contrato?,Trabalhista
Como contestar cláusula abusiva em contrato?,Cível
Fui cobrado indevidamente no cartão.,Consumidor
"Fui vítima de ameaça, como denunciar?",Penal
Como participar de licitação pública?,Administrativo
Como calcular o ITBI?,Tributário
Qual o regime tributário ideal para minha empresa?,Empresarial
Quais são os documentos para aposentadoria rural?,Previdenciário
A empresa não depositou o FGTS corretamente.,Trabalhista
Quero entrar com ação de divórcio consensual.,Cível
"Recebi produto com defeito, o que fazer?",Consumidor
Como registrar boletim de ocorrência por injúria?,Penal
Como recorrer de uma multa administrativa?,Administrativo
Como calcular o ITBI?,Tributário
Preciso revisar contrato social da empresa.,Empresarial
Como funciona a aposentadoria por tempo de contribuição?,Previdenciário
A empresa não depositou o FGTS corretamente.,Trabalhista
Meu vizinho invadiu meu terreno com construção.,Cível
Fui cobrado indevidamente no cartão.,Consumidor
Qual a pena por porte de drogas?,Penal
Como funciona o PAD (Processo Administrativo Disciplinar)?,Administrativo
Qual a diferença entre ICMS e ISS?,Tributário
Como registrar uma marca no INPI?,Empresarial
Como funciona a aposentadoria por tempo de contribuição?,Previdenciário
Quais são os direitos após demissão sem justa causa?,Trabalhista
Meu vizinho invadiu meu terreno com construção.,Cível
Atraso na entrega de produto comprado online.,Consumidor
Qual a pena por porte de drogas?,Penal
Como funciona o PAD (Processo Administrativo Disciplinar)?,Administrativo
Minha empresa recebeu multa fiscal.,Tributário
Preciso revisar contrato social da empresa.,Empresarial
Tenho direito à pensão por morte?,Previdenciário
Quais são os direitos após demissão sem justa causa?,Trabalhista
Como contestar cláusula abusiva em contrato?,Cível
Como acionar o Procon contra uma empresa?,Consumidor
Tenho direito a fiança?,Penal
Como participar de licitação pública?,Administrativo
Qual a diferença entre ICMS e ISS?,Tributário
Qual o regime tributário ideal para minha empresa?,Empresarial
Quais são os critérios para receber o BPC LOAS?,Previdenciário
Como funcionam as horas extras no meu contrato?,Trabalhista
Quero entrar com ação de divórcio consensual.,Cível
Fui cobrado indevidamente no cartão.,Consumidor
Tenho direito a fiança?,Penal
Posso acumular cargos públicos?,Administrativo
Qual a diferença entre ICMS e ISS?,Tributário
Qual o regime tributário ideal para minha empresa?,Empresarial
Como pedir aposentadoria por invalidez?,Previdenciário
Quais são os direitos após demissão sem justa causa?,Trabalhista
Meu vizinho invadiu meu terreno com construção.,Cível
Fui cobrado indevidamente no cartão.,Consumidor
Como registrar boletim de ocorrência por injúria?,Penal
Quais direitos tenho como servidor público?,Administrativo
Como calcular o ITBI?,Tributário
Qual o regime tributário ideal para minha empresa?,Empresarial
Como funciona a aposentadoria por tempo de contribuição?,Previdenciário
Posso ser demitido durante o aviso médico?,Trabalhista
Discussão sobre guarda dos filhos.,Cível
Atraso na entrega de produto comprado online.,Consumidor
Qual a pena por porte de drogas?,Penal
Como funciona o PAD (Processo Administrativo Disciplinar)?,Administrativo
Como calcular o ITBI?,Tributário
Como abrir uma sociedade limitada?,Empresarial
Tenho direito à pensão por morte?,Previdenciário
Como funcionam as horas extras no meu contrato?,Trabalhista
Desejo mover ação de cobrança judicial.,Cível
Fui cobrado indevidamente no cartão.,Consumidor
Como registrar boletim de ocorrência por injúria?,Penal
Como funciona o PAD (Processo Administrativo Disciplinar)?,Administrativo
Minha empresa recebeu multa fiscal.,Tributário
Como abrir uma sociedade limitada?,Empresarial
Como funciona a aposentadoria por tempo de contribuição?,Previdenciário
Como calcular as férias proporcionais?,Trabalhista
Quero entrar com ação de divórcio consensual.,Cível
Atraso na entrega de produto comprado online.,Consumidor
Tenho direito a fiança?,Penal
Posso acumular cargos públicos?,Administrativo
Qual a diferença entre ICMS e ISS?,Tributário
Preciso revisar contrato social da empresa.,Empresarial
Tenho direito à pensão por morte?,Previdenciário
A empresa não depositou o FGTS corretamente.,Trabalhista
Como contestar cláusula abusiva em contrato?,Cível
Como acionar o Procon contra uma empresa?,Consumidor
Como registrar boletim de ocorrência por injúria?,Penal
Como recorrer de uma multa administrativa?,Administrativo
Como parcelar dívidas com a Receita Federal?,Tributário
Como registrar uma marca no INPI?,Empresarial
Tenho direito à pensão por morte?,Previdenciário
Como funcionam as horas extras no meu contrato?,Trabalhista
Como contestar cláusula abusiva em contrato?,Cível
Fui cobrado indevidamente no cartão.,Consumidor
Qual a pena por porte de drogas?,Penal
Como recorrer de uma multa administrativa?,Administrativo
Minha empresa recebeu multa fiscal.,Tributário
Preciso revisar contrato social da empresa.,Empresarial
Quais são os documentos para aposentadoria rural?,Previdenciário
Posso ser demitido durante o aviso médico?,Trabalhista
Quero entrar com ação de divórcio consensual.,Cível
Atraso na entrega de produto comprado online.,Consumidor
Tenho direito a fiança?,Penal
Posso acumular cargos públicos?,Administrativo
Como parcelar dívidas com a Receita Federal?,Tributário
Preciso revisar contrato social da empresa.,Empresarial
Como pedir aposentadoria por invalidez?,Previdenciário
Posso ser demitido durante o aviso médico?,Trabalhista
Discussão sobre guarda dos filhos.,Cível
"Recebi produto com defeito, o que fazer?",Consumidor
Como registrar boletim de ocorrência por injúria?,Penal
Como participar de licitação pública?,Administrativo
Qual a diferença entre ICMS e ISS?,Tributário
Qual o regime tributário ideal para minha empresa?,Empresarial
Tenho direito à pensão por morte?,Previdenciário
A empresa não depositou o FGTS corretamente.,Trabalhista
Como contestar cláusula abusiva em contrato?,Cível
"Recebi produto com defeito, o que fazer?",Consumidor
Dirigi embriagado e fui preso em flagrante.,Penal
Como funciona o PAD (Processo Administrativo Disciplinar)?,Administrativo
Como calcular o ITBI?,Tributário
Como abrir uma sociedade limitada?,Empresarial
Como funciona a aposentadoria por tempo de contribuição?,Previdenciário
Como funcionam as horas extras no meu contrato?,Trabalhista
Como contestar cláusula abusiva em contrato?,Cível
Fui cobrado indevidamente no cartão.,Consumidor
"Fui vítima de ameaça, como denunciar?",Penal
Como funciona o PAD (Processo Administrativo Disciplinar)?,Administrativo
Minha empresa recebeu multa fiscal.,Tributário
Como abrir uma sociedade limitada?,Empresarial
Como pedir aposentadoria por invalidez?,Previdenciário
Posso ser demitido durante o aviso médico?,Trabalhista
Quero entrar com ação de divórcio consensual.,Cível
A loja se recusou a trocar meu produto.,Consumidor
Tenho direito a fiança?,Penal
Como funciona o PAD (Processo Administrativo Disciplinar)?,Administrativo
Como calcular o ITBI?,Tributário
Regras da Lei Geral de Proteção de Dados.,Empresarial
Quais são os critérios para receber o BPC LOAS?,Previdenciário
Posso ser demitido durante o aviso médico?,Trabalhista
Quero entrar com ação de divórcio consensual.,Cível
A loja se recusou a trocar meu produto.,Consumidor
Dirigi embriagado e fui preso em flagrante.,Penal
Como recorrer de uma multa administrativa?,Administrativo
Como calcular o ITBI?,Tributário
Regras da Lei Geral de Proteção de Dados.,Empresarial
Como funciona a aposentadoria por tempo de contribuição?,Previdenciário
Como calcular as férias proporcionais?,Trabalhista
Desejo mover ação de cobrança judicial.,Cível
Atraso na entrega de produto comprado online.,Consumidor
Qual a pena por porte de drogas?,Penal
Como participar de licitação pública?,Administrativo
Como calcular o ITBI?,Tributário
Como registrar uma marca no INPI?,Empresarial
Como funciona a aposentadoria por tempo de contribuição?,Previdenciário
Posso ser demitido durante o aviso médico?,Trabalhista
Meu vizinho invadiu meu terreno com construção.,Cível
A loja se recusou a trocar meu produto.,Consumidor
"Fui vítima de ameaça, como denunciar?",Penal
Como recorrer de uma multa administrativa?,Administrativo
Minha empresa recebeu multa fiscal.,Tributário
Como abrir uma sociedade limitada?,Empresarial
Quais são os documentos para aposentadoria rural?,Previdenciário
A empresa não depositou o FGTS corretamente.,Trabalhista
Desejo mover ação de cobrança judicial.,Cível
Atraso na entrega de produto comprado online.,Consumidor
Como registrar boletim de ocorrência por injúria?,Penal
Quais direitos tenho como servidor público?,Administrativo
Minha empresa recebeu multa fiscal.,Tributário
Preciso revisar contrato social da empresa.,Empresarial
Tenho direito à pensão por morte?,Previdenciário
A empresa não depositou o FGTS corretamente.,Trabalhista
Discussão sobre guarda dos filhos.,Cível
Atraso na entrega de produto comprado online.,Consumidor
Qual a pena por porte de drogas?,Penal
Como recorrer de uma multa administrativa?,Administrativo
Qual a diferença entre ICMS e ISS?,Tributário
Regras da Lei Geral de Proteção de Dados.,Empresarial
Quais são os critérios para receber o BPC LOAS?,Previdenciário
Como funcionam as horas extras no meu contrato?,Trabalhista
Desejo mover ação de cobrança judicial.,Cível
Atraso na entrega de produto comprado online.,Consumidor
Tenho direito a fiança?,Penal
Como funciona o PAD (Processo Administrativo Disciplinar)?,Administrativo
Minha empresa recebeu multa fiscal.,Tributário
Qual o regime tributário ideal para minha empresa?,Empresarial
Quais são os critérios para receber o BPC LOAS?,Previdenciário
A empresa não depositou o FGTS corretamente.,Trabalhista
Como contestar cláusula abusiva em contrato?,Cível
A loja se recusou a trocar meu produto.,Consumidor
Dirigi embriagado e fui preso em flagrante.,Penal
Posso acumular cargos públicos?,Administrativo
Minha empresa recebeu multa fiscal.,Tributário
Como abrir uma sociedade limitada?,Empresarial
Quais são os documentos para aposentadoria rural?,Previdenciário
Como funcionam as horas extras no meu contrato?,Trabalhista
Discussão sobre guarda dos filhos.,Cível
Fui cobrado indevidamente no cartão.,Consumidor
Dirigi embriagado e fui preso em flagrante.,Penal
Como funciona o PAD (Processo Administrativo Disciplinar)?,Administrativo
Como calcular o ITBI?,Tributário
Como abrir uma sociedade limitada?,Empresarial
Quais são os documentos para aposentadoria rural?,Previdenciário
A empresa não depositou o FGTS corretamente.,Trabalhista
Meu vizinho invadiu meu terreno com construção.,Cível
"Recebi produto com defeito, o que fazer?",Consumidor
"Fui vítima de ameaça, como denunciar?",Penal
Quais direitos tenho como servidor público?,Administrativo
Minha empresa recebeu multa fiscal.,Tributário
Qual o regime tributário ideal para minha empresa?,Empresarial
Como pedir aposentadoria por invalidez?,Previdenciário
Quais são os direitos após demissão sem justa causa?,Trabalhista
Quero entrar com ação de divórcio consensual.,Cível
Como acionar o Procon contra uma empresa?,Consumidor
Qual a pena por porte de drogas?,Penal
Posso acumular cargos públicos?,Administrativo
Quais impostos um MEI paga?,Tributário
Como abrir uma sociedade limitada?,Empresarial
Como funciona a aposentadoria por tempo de contribuição?,Previdenciário
Quais são os direitos após demissão sem justa causa?,Trabalhista
Discussão sobre guarda dos filhos.,Cível
Como acionar o Procon contra uma empresa?,Consumidor
Tenho direito a fiança?,Penal
Como participar de licitação pública?,Administrativo
Quais impostos um MEI paga?,Tributário
Como registrar uma marca no INPI?,Empresarial
Tenho direito à pensão por morte?,Previdenciário
Posso ser demitido durante o aviso médico?,Trabalhista
Meu vizinho invadiu meu terreno com construção.,Cível
"Recebi produto com defeito, o que fazer?",Consumidor
Qual a pena por porte de drogas?,Penal
Quais direitos tenho como servidor público?,Administrativo
Qual a diferença entre ICMS e ISS?,Tributário
Regras da Lei Geral de Proteção de Dados.,Empresarial
Como funciona a aposentadoria por tempo de contribuição?,Previdenciário
Quais são os direitos após demissão sem justa causa?,Trabalhista
Meu vizinho invadiu meu terreno com construção.,Cível
A loja se recusou a trocar meu produto.,Consumidor
Tenho direito a fiança?,Penal
Quais direitos tenho como servidor público?,Administrativo
Como parcelar dívidas com a Receita Federal?,Tributário
Qual o regime tributário ideal para minha empresa?,Empresarial
Quais são os documentos para aposentadoria rural?,Previdenciário
A empresa não depositou o FGTS corretamente.,Trabalhista
Como contestar cláusula abusiva em contrato?,Cível
"Recebi produto com defeito, o que fazer?",Consumidor
Qual a pena por porte de drogas?,Penal
Como recorrer de uma multa administrativa?,Administrativo
Qual a diferença entre ICMS e ISS?,Tributário
Como registrar uma marca no INPI?,Empresarial
Como funciona a aposentadoria por tempo de contribuição?,Previdenciário
Posso ser demitido durante o aviso médico?,Trabalhista
Quero entrar com ação de divórcio consensual.,Cível
Como acionar o Procon contra uma empresa?,Consumidor
Dirigi embriagado e fui preso em flagrante.,Penal
Posso acumular cargos públicos?,Administrativo
Como parcelar dívidas com a Receita Federal?,Tributário
Qual o regime tributário ideal para minha empresa?,Empresarial
Como funciona a aposentadoria por tempo de contribuição?,Previdenciário
A empresa não depositou o FGTS corretamente.,Trabalhista
Desejo mover ação de cobrança judicial.,Cível
"Recebi produto com defeito, o que fazer?",Consumidor
Tenho direito a fiança?,Penal
Como recorrer de uma multa administrativa?,Administrativo
Como parcelar dívidas com a Receita Federal?,Tributário
Regras da Lei Geral de Proteção de Dados.,Empresarial
Como pedir aposentadoria por invalidez?,Previdenciário
Posso ser demitido durante o aviso médico?,Trabalhista
Meu vizinho invadiu meu terreno com construção.,Cível
Como acionar o Procon contra uma empresa?,Consumidor
Dirigi embriagado e fui preso em flagrante.,Penal
Posso acumular cargos públicos?,Administrativo
Qual a diferença entre ICMS e ISS?,Tributário
Regras da Lei Geral de Proteção de Dados.,Empresarial
Quais são os critérios para receber o BPC LOAS?,Previdenciário
Como funcionam as horas extras no meu contrato?,Trabalhista
Quero entrar com ação de divórcio consensual.,Cível
Fui cobrado indevidamente no cartão.,Consumidor
"Fui vítima de ameaça, como denunciar?",Penal
Quais direitos tenho como servidor público?,Administrativo
Minha empresa recebeu multa fiscal.,Tributário
Como abrir uma sociedade limitada?,Empresarial
Como funciona a aposentadoria por tempo de contribuição?,Previdenciário
Quais são os direitos após demissão sem justa causa?,Trabalhista
Discussão sobre guarda dos filhos.,Cível
Fui cobrado indevidamente no cartão.,Consumidor
"Fui vítima de ameaça, como denunciar?",Penal
Como recorrer de uma multa administrativa?,Administrativo
Como calcular o ITBI?,Tributário
Como registrar uma marca no INPI?,Empresarial
Tenho direito à pensão por morte?,Previdenciário
Como funcionam as horas extras no meu contrato?,Trabalhista
Meu vizinho invadiu meu terreno com construção.,Cível
Atraso na entrega de produto comprado online.,Consumidor
Qual a pena por porte de drogas?,Penal
Como funciona o PAD (Processo Administrativo Disciplinar)?,Administrativo
Quais impostos um MEI paga?,Tributário
Qual o regime tributário ideal para minha empresa?,Empresarial
Como funciona a aposentadoria por tempo de contribuição?,Previdenciário
A empresa não depositou o FGTS corretamente.,Trabalhista
Meu vizinho invadiu meu terreno com construção.,Cível
Como acionar o Procon contra uma empresa?,Consumidor
Qual a pena por porte de drogas?,Penal
Como recorrer de uma multa administrativa?,Administrativo
Como calcular o ITBI?,Tributário
Regras da Lei Geral de Proteção de Dados.,Empresarial
Tenho direito à pensão por morte?,Previdenciário
Quais são os direitos após demissão sem justa causa?,Trabalhista
Como contestar cláusula abusiva em contrato?,Cível
Como acionar o Procon contra uma empresa?,Consumidor
Dirigi embriagado e fui preso em flagrante.,Penal
Como participar de licitação pública?,Administrativo
Como parcelar dívidas com a Receita Federal?,Tributário
Como abrir uma sociedade limitada?,Empresarial
Quais são os documentos para aposentadoria rural?,Previdenciário
Posso ser demitido durante o aviso médico?,Trabalhista
Desejo mover ação de cobrança judicial.,Cível
Como acionar o Procon contra uma empresa?,Consumidor
Como registrar boletim de ocorrência por injúria?,Penal
Quais direitos tenho como servidor público?,Administrativo
Minha empresa recebeu multa fiscal.,Tributário
Preciso revisar contrato social da empresa.,Empresarial
Tenho direito à pensão por morte?,Previdenciário
Posso ser demitido durante o aviso médico?,Trabalhista
Quero entrar com ação de divórcio consensual.,Cível
Fui cobrado indevidamente no cartão.,Consumidor
"Fui vítima de ameaça, como denunciar?",Penal
Posso acumular cargos públicos?,Administrativo
Qual a diferença entre ICMS e ISS?,Tributário
Preciso revisar contrato social da empresa.,Empresarial
Quais são os critérios para receber o BPC LOAS?,Previdenciário
Posso ser demitido durante o aviso médico?,Trabalhista
Quero entrar com ação de divórcio consensual.,Cível
"Recebi produto com defeito, o que fazer?",Consumidor
Tenho direito a fiança?,Penal
Como participar de licitação pública?,Administrativo
Minha empresa recebeu multa fiscal.,Tributário
Preciso revisar contrato social da empresa.,Empresarial
Quais são os critérios para receber o BPC LOAS?,Previdenciário
A empresa não depositou o FGTS corretamente.,Trabalhista
Como contestar cláusula abusiva em contrato?,Cível
Atraso na entrega de produto comprado online.,Consumidor
Dirigi embriagado e fui preso em flagrante.,Penal
Como funciona o PAD (Processo Administrativo Disciplinar)?,Administrativo
Como calcular o ITBI?,Tributário
Qual o regime tributário ideal para minha empresa?,Empresarial
Como funciona a aposentadoria por tempo de contribuição?,Previdenciário
Posso ser demitido durante o aviso médico?,Trabalhista
Como contestar cláusula abusiva em contrato?,Cível
Atraso na entrega de produto comprado online.,Consumidor
Qual a pena por porte de drogas?,Penal
Como recorrer de uma multa administrativa?,Administrativo
Minha empresa recebeu multa fiscal.,Tributário
Qual o regime tributário ideal para minha empresa?,Empresarial
Tenho direito à pensão por morte?,Previdenciário
Posso ser demitido durante o aviso médico?,Trabalhista
Quero entrar com ação de divórcio consensual.,Cível
Atraso na entrega de produto comprado online.,Consumidor
Qual a pena por porte de drogas?,Penal
Posso acumular cargos públicos?,Administrativo
Como parcelar dívidas com a Receita Federal?,Tributário
Qual o regime tributário ideal para minha empresa?,Empresarial
Como funciona a aposentadoria por tempo de contribuição?,Previdenciário
Como funcionam as horas extras no meu contrato?,Trabalhista
Meu vizinho invadiu meu terreno com construção.,Cível
Como acionar o Procon contra uma empresa?,Consumidor
"Fui vítima de ameaça, como denunciar?",Penal
Como participar de licitação pública?,Administrativo
Como parcelar dívidas com a Receita Federal?,Tributário
Regras da Lei Geral de Proteção de Dados.,Empresarial
Como pedir aposentadoria por invalidez?,Previdenciário
A empresa não depositou o FGTS corretamente.,Trabalhista
Quero entrar com ação de divórcio consensual.,Cível
Fui cobrado indevidamente no cartão.,Consumidor
Tenho direito a fiança?,Penal
Como funciona o PAD (Processo Administrativo Disciplinar)?,Administrativo
Minha empresa recebeu multa fiscal.,Tributário
Preciso revisar contrato social da empresa.,Empresarial
Como funciona a aposentadoria por tempo de contribuição?,Previdenciário
Como funcionam as horas extras no meu contrato?,Trabalhista
Discussão sobre guarda dos filhos.,Cível
A loja se recusou a trocar meu produto.,Consumidor
Como registrar boletim de ocorrência por injúria?,Penal
Quais direitos tenho como servidor público?,Administrativo
Minha empresa recebeu multa fiscal.,Tributário
Qual o regime tributário ideal para minha empresa?,Empresarial
Como funciona a aposentadoria por tempo de contribuição?,Previdenciário
Como calcular as férias proporcionais?,Trabalhista
Discussão sobre guarda dos filhos.,Cível
Fui cobrado indevidamente no cartão.,Consumidor
Dirigi embriagado e fui preso em flagrante.,Penal
Como funciona o PAD (Processo Administrativo Disciplinar)?,Administrativo
Qual a diferença entre ICMS e ISS?,Tributário
Como abrir uma sociedade limitada?,Empresarial
Quais são os critérios para receber o BPC LOAS?,Previdenciário
A empresa não depositou o FGTS corretamente.,Trabalhista
Discussão sobre guarda dos filhos.,Cível
Fui cobrado indevidamente no cartão.,Consumidor
Tenho direito a fiança?,Penal
Como funciona o PAD (Processo Administrativo Disciplinar)?,Administrativo
Minha empresa recebeu multa fiscal.,Tributário
Qual o regime tributário ideal para minha empresa?,Empresarial
Quais são os documentos para aposentadoria rural?,Previdenciário
Como calcular as férias proporcionais?,Trabalhista
Como contestar cláusula abusiva em contrato?,Cível
A loja se recusou a trocar meu produto.,Consumidor
"Fui vítima de ameaça, como denunciar?",Penal
Como recorrer de uma multa administrativa?,Administrativo
Minha empresa recebeu multa fiscal.,Tributário
Preciso revisar contrato social da empresa.,Empresarial
Como funciona a aposentadoria por tempo de contribuição?,Previdenciário
Quais são os direitos após demissão sem justa causa?,Trabalhista
Meu vizinho invadiu meu terreno com construção.,Cível
Atraso na entrega de produto comprado online.,Consumidor
"Fui vítima de ameaça, como denunciar?",Penal
Como funciona o PAD (Processo Administrativo Disciplinar)?,Administrativo
Minha empresa recebeu multa fiscal.,Tributário
Como abrir uma sociedade limitada?,Empresarial
Quais são os critérios para receber o BPC LOAS?,Previdenciário
A empresa não depositou o FGTS corretamente.,Trabalhista
Desejo mover ação de cobrança judicial.,Cível
A loja se recusou a trocar meu produto.,Consumidor
Qual a pena por porte de drogas?,Penal
Como funciona o PAD (Processo Administrativo Disciplinar)?,Administrativo
Como parcelar dívidas com a Receita Federal?,Tributário
Como abrir uma sociedade limitada?,Empresarial
Tenho direito à pensão por morte?,Previdenciário
Como calcular as férias proporcionais?,Trabalhista
Meu vizinho invadiu meu terreno com construção.,Cível
Fui cobrado indevidamente no cartão.,Consumidor
Dirigi embriagado e fui preso em flagrante.,Penal
Quais direitos tenho como servidor público?,Administrativo
Como parcelar dívidas com a Receita Federal?,Tributário
Qual o regime tributário ideal para minha empresa?,Empresarial
Como funciona a aposentadoria por tempo de contribuição?,Previdenciário
Como funcionam as horas extras no meu contrato?,Trabalhista
Meu vizinho invadiu meu terreno com construção.,Cível
"Recebi produto com defeito, o que fazer?",Consumidor
Como registrar boletim de ocorrência por injúria?,Penal
Posso acumular cargos públicos?,Administrativo
Minha empresa recebeu multa fiscal.,Tributário
Como registrar uma marca no INPI?,Empresarial
Quais são os documentos para aposentadoria rural?,Previdenciário
Quais são os direitos após demissão sem justa causa?,Trabalhista
Desejo mover ação de cobrança judicial.,Cível
Como acionar o Procon contra uma empresa?,Consumidor
Dirigi embriagado e fui preso em flagrante.,Penal
Quais direitos tenho como servidor público?,Administrativo
Minha empresa recebeu multa fiscal.,Tributário
Regras da Lei Geral de Proteção de Dados.,Empresarial
Como funciona a aposentadoria por tempo de contribuição?,Previdenciário
Quais são os direitos após demissão sem justa causa?,Trabalhista
Discussão sobre guarda dos filhos.,Cível
"Recebi produto com defeito, o que fazer?",Consumidor
Qual a pena por porte de drogas?,Penal
Como participar de licitação pública?,Administrativo
Qual a diferença entre ICMS e ISS?,Tributário
Preciso revisar contrato social da empresa.,Empresarial
Quais são os documentos para aposentadoria rural?,Previdenciário
Como funcionam as horas extras no meu contrato?,Trabalhista
Desejo mover ação de cobrança judicial.,Cível
"Recebi produto com defeito, o que fazer?",Consumidor
"Fui vítima de ameaça, como denunciar?",Penal
Quais direitos tenho como servidor público?,Administrativo
Como calcular o ITBI?,Tributário
Regras da Lei Geral de Proteção de Dados.,Empresarial
Como pedir aposentadoria por invalidez?,Previdenciário
Como funcionam as horas extras no meu contrato?,Trabalhista
Como contestar cláusula abusiva em contrato?,Cível
A loja se recusou a trocar meu produto.,Consumidor
"Fui vítima de ameaça, como denunciar?",Penal
Quais direitos tenho como servidor público?,Administrativo
Como parcelar dívidas com a Receita Federal?,Tributário
Como abrir uma sociedade limitada?,Empresarial
Como pedir aposentadoria por invalidez?,Previdenciário
Posso ser demitido durante o aviso médico?,Trabalhista
Como contestar cláusula abusiva em contrato?,Cível
Atraso na entrega de produto comprado online.,Consumidor
Dirigi embriagado e fui preso em flagrante.,Penal
Como participar de licitação pública?,Administrativo
Quais impostos um MEI paga?,Tributário
Como registrar uma marca no INPI?,Empresarial
Tenho direito à pensão por morte?,Previdenciário
Como funcionam as horas extras no meu contrato?,Trabalhista
Como contestar cláusula abusiva em contrato?,Cível
Atraso na entrega de produto comprado online.,Consumidor
Dirigi embriagado e fui preso em flagrante.,Penal
Como funciona o PAD (Processo Administrativo Disciplinar)?,Administrativo
Como calcular o ITBI?,Tributário
Regras da Lei Geral de Proteção de Dados.,Empresarial
Tenho direito à pensão por morte?,Previdenciário
Quais são os direitos após demissão sem justa causa?,Trabalhista
Meu vizinho invadiu meu terreno com construção.,Cível
Como acionar o Procon contra uma empresa?,Consumidor
Tenho direito a fiança?,Penal
Como funciona o PAD (Processo Administrativo Disciplinar)?,Administrativo
Como parcelar dívidas com a Receita Federal?,Tributário
Como abrir uma sociedade limitada?,Empresarial
Como pedir aposentadoria por invalidez?,Previdenciário
Como calcular as férias proporcionais?,Trabalhista
Como contestar cláusula abusiva em contrato?,Cível
A loja se recusou a trocar meu produto.,Consumidor
Qual a pena por porte de drogas?,Penal
Como funciona o PAD (Processo Administrativo Disciplinar)?,Administrativo
Qual a diferença entre ICMS e ISS?,Tributário
Qual o regime tributário ideal para minha empresa?,Empresarial
Quais são os critérios para receber o BPC LOAS?,Previdenciário
Como calcular as férias proporcionais?,Trabalhista
Discussão sobre guarda dos filhos.,Cível
Como acionar o Procon contra uma empresa?,Consumidor
Dirigi embriagado e fui preso em flagrante.,Penal
Como participar de licitação pública?,Administrativo
Como calcular o ITBI?,Tributário
Preciso revisar contrato social da empresa.,Empresarial
Como pedir aposentadoria por invalidez?,Previdenciário
Posso ser demitido durante o aviso médico?,Trabalhista
Meu vizinho invadiu meu terreno com construção.,Cível
A loja se recusou a trocar meu produto.,Consumidor
Tenho direito a fiança?,Penal
Como participar de licitação pública?,Administrativo
Como calcular o ITBI?,Tributário
Como abrir uma sociedade limitada?,Empresarial
Quais são os documentos para aposentadoria rural?,Previdenciário
Como calcular as férias proporcionais?,Trabalhista
Quero entrar com ação de divórcio consensual.,Cível
Fui cobrado indevidamente no cartão.,Consumidor
Como registrar boletim de ocorrência por injúria?,Penal
Como funciona o PAD (Processo Administrativo Disciplinar)?,Administrativo
Qual a diferença entre ICMS e ISS?,Tributário
Qual o regime tributário ideal para minha empresa?,Empresarial
Tenho direito à pensão por morte?,Previdenciário
Posso ser demitido durante o aviso médico?,Trabalhista
Meu vizinho invadiu meu terreno com construção.,Cível
A loja se recusou a trocar meu produto.,Consumidor
Tenho direito a fiança?,Penal
Posso acumular cargos públicos?,Administrativo
Minha empresa recebeu multa fiscal.,Tributário
Qual o regime tributário ideal para minha empresa?,Empresarial
Tenho direito à pensão por morte?,Previdenciário
Quais são os direitos após demissão sem justa causa?,Trabalhista
Quero entrar com ação de divórcio consensual.,Cível
A loja se recusou a trocar meu produto.,Consumidor
Dirigi embriagado e fui preso em flagrante.,Penal
Quais direitos tenho como servidor público?,Administrativo
Como calcular o ITBI?,Tributário
Como abrir uma sociedade limitada?,Empresarial
Como funciona a aposentadoria por tempo de contribuição?,Previdenciário
Posso ser demitido durante o aviso médico?,Trabalhista
Como contestar cláusula abusiva em contrato?,Cível
Como acionar o Procon contra uma empresa?,Consumidor
Qual a pena por porte de drogas?,Penal
Como funciona o PAD (Processo Administrativo Disciplinar)?,Administrativo
Como calcular o ITBI?,Tributário
Preciso revisar contrato social da empresa.,Empresarial
Como pedir aposentadoria por invalidez?,Previdenciário
Como calcular as férias proporcionais?,Trabalhista
Quero entrar com ação de divórcio consensual.,Cível
Como acionar o Procon contra uma empresa?,Consumidor
Qual a pena por porte de drogas?,Penal
Como recorrer de uma multa administrativa?,Administrativo
Minha empresa recebeu multa fiscal.,Tributário
Como abrir uma sociedade limitada?,Empresarial
Quais são os documentos para aposentadoria rural?,Previdenciário
Quais são os direitos após demissão sem justa causa?,Trabalhista
Desejo mover ação de cobrança judicial.,Cível
Fui cobrado indevidamente no cartão.,Consumidor
"Fui vítima de ameaça, como denunciar?",Penal
Como recorrer de uma multa administrativa?,Administrativo
Quais impostos um MEI paga?,Tributário
Como registrar uma marca no INPI?,Empresarial
Quais são os documentos para aposentadoria rural?,Previdenciário
Posso ser demitido durante o aviso médico?,Trabalhista
Como contestar cláusula abusiva em contrato?,Cível
"Recebi produto com defeito, o que fazer?",Consumidor
Tenho direito a fiança?,Penal
Quais direitos tenho como servidor público?,Administrativo
Quais impostos um MEI paga?,Tributário
Como abrir uma sociedade limitada?,Empresarial
Como funciona a aposentadoria por tempo de contribuição?,Previdenciário
Como calcular as férias proporcionais?,Trabalhista
Meu vizinho invadiu meu terreno com construção.,Cível
Como acionar o Procon contra uma empresa?,Consumidor
Como registrar boletim de ocorrência por injúria?,Penal
Como participar de licitação pública?,Administrativo
Como calcular o ITBI?,Tributário
Preciso revisar contrato social da empresa.,Empresarial
Como pedir aposentadoria por invalidez?,Previdenciário
Como calcular as férias proporcionais?,Trabalhista
Meu vizinho invadiu meu terreno com construção.,Cível
A loja se recusou a trocar meu produto.,Consumidor
Qual a pena por porte de drogas?,Penal
Quais direitos tenho como servidor público?,Administrativo
Minha empresa recebeu multa fiscal.,Tributário
Qual o regime tributário ideal para minha empresa?,Empresarial
Tenho direito à pensão por morte?,Previdenciário
Como calcular as férias proporcionais?,Trabalhista
Quero entrar com ação de divórcio consensual.,Cível
"Recebi produto com defeito, o que fazer?",Consumidor
Como registrar boletim de ocorrência por injúria?,Penal
Como recorrer de uma multa administrativa?,Administrativo
Qual a diferença entre ICMS e ISS?,Tributário
Preciso revisar contrato social da empresa.,Empresarial
Quais são os documentos para aposentadoria rural?,Previdenciário
Posso ser demitido durante o aviso médico?,Trabalhista
Meu vizinho invadiu meu terreno com construção.,Cível
Atraso na entrega de produto comprado online.,Consumidor
Qual a pena por porte de drogas?,Penal
Como funciona o PAD (Processo Administrativo Disciplinar)?,Administrativo
Quais impostos um MEI paga?,Tributário
Regras da Lei Geral de Proteção de Dados.,Empresarial
Como pedir aposentadoria por invalidez?,Previdenciário
Posso ser demitido durante o aviso médico?,Trabalhista
Quero entrar com ação de divórcio consensual.,Cível
Atraso na entrega de produto comprado online.,Consumidor
Tenho direito a fiança?,Penal
Como funciona o PAD (Processo Administrativo Disciplinar)?,Administrativo
Qual a diferença entre ICMS e ISS?,Tributário
Como registrar uma marca no INPI?,Empresarial
Quais são os documentos para aposentadoria rural?,Previdenciário
Quais são os direitos após demissão sem justa causa?,Trabalhista
Desejo mover ação de cobrança judicial.,Cível
A loja se recusou a trocar meu produto.,Consumidor
Dirigi embriagado e fui preso em flagrante.,Penal
Como funciona o PAD (Processo Administrativo Disciplinar)?,Administrativo
Como calcular o ITBI?,Tributário
Preciso revisar contrato social da empresa.,Empresarial
Tenho direito à pensão por morte?,Previdenciário
A empresa não depositou o FGTS corretamente.,Trabalhista
Discussão sobre guarda dos filhos.,Cível
Fui cobrado indevidamente no cartão.,Consumidor
Como registrar boletim de ocorrência por injúria?,Penal
Posso acumular cargos públicos?,Administrativo
Como parcelar dívidas com a Receita Federal?,Tributário
Como registrar uma marca no INPI?,Empresarial
Quais são os critérios para receber o BPC LOAS?,Previdenciário
A empresa não depositou o FGTS corretamente.,Trabalhista
Discussão sobre guarda dos filhos.,Cível
Atraso na entrega de produto comprado online.,Consumidor
"Fui vítima de ameaça, como denunciar?",Penal
Posso acumular cargos públicos?,Administrativo
Quais impostos um MEI paga?,Tributário
Qual o regime tributário ideal para minha empresa?,Empresarial
Como pedir aposentadoria por invalidez?,Previdenciário
Como funcionam as horas extras no meu contrato?,Trabalhista
Desejo mover ação de cobrança judicial.,Cível
"Recebi produto com defeito, o que fazer?",Consumidor
"Fui vítima de ameaça, como denunciar?",Penal
Como recorrer de uma multa administrativa?,Administrativo
Quais impostos um MEI paga?,Tributário
Qual o regime tributário ideal para minha empresa?,Empresarial
Quais são os critérios para receber o BPC LOAS?,Previdenciário
Como calcular as férias proporcionais?,Trabalhista
Discussão sobre guarda dos filhos.,Cível
"Recebi produto com defeito, o que fazer?",Consumidor
"Fui vítima de ameaça, como denunciar?",Penal
Posso acumular cargos públicos?,Administrativo
Minha empresa recebeu multa fiscal.,Tributário
Regras da Lei Geral de Proteção de Dados.,Empresarial
Como funciona a aposentadoria por tempo de contribuição?,Previdenciário
A empresa não depositou o FGTS corretamente.,Trabalhista
Como contestar cláusula abusiva em contrato?,Cível
Como acionar o Procon contra uma empresa?,Consumidor
"Fui vítima de ameaça, como denunciar?",Penal
Posso acumular cargos públicos?,Administrativo
Como calcular o ITBI?,Tributário
Regras da Lei Geral de Proteção de Dados.,Empresarial
Como funciona a aposentadoria por tempo de contribuição?,Previdenciário
Como calcular as férias proporcionais?,Trabalhista
Desejo mover ação de cobrança judicial.,Cível
"Recebi produto com defeito, o que fazer?",Consumidor
"Fui vítima de ameaça, como denunciar?",Penal
Posso acumular cargos públicos?,Administrativo
Minha empresa recebeu multa fiscal.,Tributário
Como abrir uma sociedade limitada?,Empresarial
Quais são os critérios para receber o BPC LOAS?,Previdenciário
Como calcular as férias proporcionais?,Trabalhista
Meu vizinho invadiu meu terreno com construção.,Cível
Fui cobrado indevidamente no cartão.,Consumidor
Qual a pena por porte de drogas?,Penal
Como funciona o PAD (Processo Administrativo Disciplinar)?,Administrativo
Minha empresa recebeu multa fiscal.,Tributário
Regras da Lei Geral de Proteção de Dados.,Empresarial
Quais são os documentos para aposentadoria rural?,Previdenciário
Quais são os direitos após demissão sem justa causa?,Trabalhista
Como contestar cláusula abusiva em contrato?,Cível
"Recebi produto com defeito, o que fazer?",Consumidor
Tenho direito a fiança?,Penal
Posso acumular cargos públicos?,Administrativo
Como calcular o ITBI?,Tributário
Como registrar uma marca no INPI?,Empresarial
Tenho direito à pensão por morte?,Previdenciário
A empresa não depositou o FGTS corretamente.,Trabalhista
Desejo mover ação de cobrança judicial.,Cível
Fui cobrado indevidamente no cartão.,Consumidor
Qual a pena por porte de drogas?,Penal
Quais direitos tenho como servidor público?,Administrativo
Qual a diferença entre ICMS e ISS?,Tributário
Como abrir uma sociedade limitada?,Empresarial
Como funciona a aposentadoria por tempo de contribuição?,Previdenciário
A empresa não depositou o FGTS corretamente.,Trabalhista
Meu vizinho invadiu meu terreno com construção.,Cível
Fui cobrado indevidamente no cartão.,Consumidor
"Fui vítima de ameaça, como denunciar?",Penal
Como participar de licitação pública?,Administrativo
Minha empresa recebeu multa fiscal.,Tributário
Como abrir uma sociedade limitada?,Empresarial
Como pedir aposentadoria por invalidez?,Previdenciário
Quais são os direitos após demissão sem justa causa?,Trabalhista
Como contestar cláusula abusiva em contrato?,Cível
"Recebi produto com defeito, o que fazer?",Consumidor
Como registrar boletim de ocorrência por injúria?,Penal
Como participar de licitação pública?,Administrativo
Como calcular o ITBI?,Tributário
Regras da Lei Geral de Proteção de Dados.,Empresarial
Quais são os critérios para receber o BPC LOAS?,Previdenciário
Quais são os direitos após demissão sem justa causa?,Trabalhista
Como contestar cláusula abusiva em contrato?,Cível
A loja se recusou a trocar meu produto.,Consumidor
Como registrar boletim de ocorrência por injúria?,Penal
Quais direitos tenho como servidor público?,Administrativo
Qual a diferença entre ICMS e ISS?,Tributário
Preciso revisar contrato social da empresa.,Empresarial
Tenho direito à pensão por morte?,Previdenciário
Como calcular as férias proporcionais?,Trabalhista
Meu vizinho invadiu meu terreno com construção.,Cível
"Recebi produto com defeito, o que fazer?",Consumidor
Tenho direito a fiança?,Penal
Como recorrer de uma multa administrativa?,Administrativo
Qual a diferença entre ICMS e ISS?,Tributário
Como abrir uma sociedade limitada?,Empresarial
Como funciona a aposentadoria por tempo de contribuição?,Previdenciário
Como calcular as férias proporcionais?,Trabalhista
Desejo mover ação de cobrança judicial.,Cível
Fui cobrado indevidamente no cartão.,Consumidor
Como registrar boletim de ocorrência por injúria?,Penal
Posso acumular cargos públicos?,Administrativo
Como parcelar dívidas com a Receita Federal?,Tributário
Regras da Lei Geral de Proteção de Dados.,Empresarial
Quais são os documentos para aposentadoria rural?,Previdenciário
Quais são os direitos após demissão sem justa causa?,Trabalhista
Desejo mover ação de cobrança judicial.,Cível
A loja se recusou a trocar meu produto.,Consumidor
"Fui vítima de ameaça, como denunciar?",Penal
Posso acumular cargos públicos?,Administrativo
Minha empresa recebeu multa fiscal.,Tributário
Qual o regime tributário ideal para minha empresa?,Empresarial
Quais são os critérios para receber o BPC LOAS?,Previdenciário
Como funcionam as horas extras no meu contrato?,Trabalhista
Desejo mover ação de cobrança judicial.,Cível
Como acionar o Procon contra uma empresa?,Consumidor
"Fui vítima de ameaça, como denunciar?",Penal
Como recorrer de uma multa administrativa?,Administrativo
Como parcelar dívidas com a Receita Federal?,Tributário
Preciso revisar contrato social da empresa.,Empresarial
Quais são os documentos para aposentadoria rural?,Previdenciário
A empresa não depositou o FGTS corretamente.,Trabalhista
Como contestar cláusula abusiva em contrato?,Cível
Atraso na entrega de produto comprado online.,Consumidor
Tenho direito a fiança?,Penal
Posso acumular cargos públicos?,Administrativo
Qual a diferença entre ICMS e ISS?,Tributário
Regras da Lei Geral de Proteção de Dados.,Empresarial
Tenho direito à pensão por morte?,Previdenciário
Como funcionam as horas extras no meu contrato?,Trabalhista
Meu vizinho invadiu meu terreno com construção.,Cível
Fui cobrado indevidamente no cartão.,Consumidor
Como registrar boletim de ocorrência por injúria?,Penal
Posso acumular cargos públicos?,Administrativo
Quais impostos um MEI paga?,Tributário
Qual o regime tributário ideal para minha empresa?,Empresarial
Como funciona a aposentadoria por tempo de contribuição?,Previdenciário
Como funcionam as horas extras no meu contrato?,Trabalhista
Desejo mover ação de cobrança judicial.,Cível
A loja se recusou a trocar meu produto.,Consumidor
Como registrar boletim de ocorrência por injúria?,Penal
Quais direitos tenho como servidor público?,Administrativo
Minha empresa recebeu multa fiscal.,Tributário
Qual o regime tributário ideal para minha empresa?,Empresarial
Quais são os critérios para receber o BPC LOAS?,Previdenciário
Quais são os direitos após demissão sem justa causa?,Trabalhista
Desejo mover ação de cobrança judicial.,Cível
"Recebi produto com defeito, o que fazer?",Consumidor
"Fui vítima de ameaça, como denunciar?",Penal
Quais direitos tenho como servidor público?,Administrativo
Qual a diferença entre ICMS e ISS?,Tributário
Como abrir uma sociedade limitada?,Empresarial
Quais são os documentos para aposentadoria rural?,Previdenciário
A empresa não depositou o FGTS corretamente.,Trabalhista
Quero entrar com ação de divórcio consensual.,Cível
A loja se recusou a trocar meu produto.,Consumidor
Como registrar boletim de ocorrência por injúria?,Penal
Quais direitos tenho como servidor público?,Administrativo
Quais impostos um MEI paga?,Tributário
Como registrar uma marca no INPI?,Empresarial
Como funciona a aposentadoria por tempo de contribuição?,Previdenciário
Como calcular as férias proporcionais?,Trabalhista
Meu vizinho invadiu meu terreno com construção.,Cível
A loja se recusou a trocar meu produto.,Consumidor
"Fui vítima de ameaça, como denunciar?",Penal
Como funciona o PAD (Processo Administrativo Disciplinar)?,Administrativo
Como calcular o ITBI?,Tributário
Qual o regime tributário ideal para minha empresa?,Empresarial
Como pedir aposentadoria por invalidez?,Previdenciário
Quais são os direitos após demissão sem justa causa?,Trabalhista
Meu vizinho invadiu meu terreno com construção.,Cível
Atraso na entrega de produto comprado online.,Consumidor
Qual a pena por porte de drogas?,Penal
Quais direitos tenho como servidor público?,Administrativo
Qual a diferença entre ICMS e ISS?,Tributário
Regras da Lei Geral de Proteção de Dados.,Empresarial
Tenho direito à pensão por morte?,Previdenciário
Posso ser demitido durante o aviso médico?,Trabalhista
Discussão sobre guarda dos filhos.,Cível
Atraso na entrega de produto comprado online.,Consumidor
Dirigi embriagado e fui preso em flagrante.,Penal
Como recorrer de uma multa administrativa?,Administrativo
Como parcelar dívidas com a Receita Federal?,Tributário
Como registrar uma marca no INPI?,Empresarial
Como pedir aposentadoria por invalidez?,Previdenciário
Posso ser demitido durante o aviso médico?,Trabalhista
Discussão sobre guarda dos filhos.,Cível
Atraso na entrega de produto comprado online.,Consumidor
Tenho direito a fiança?,Penal
Como recorrer de uma multa administrativa?,Administrativo
Como parcelar dívidas com a Receita Federal?,Tributário
Preciso revisar contrato social da empresa.,Empresarial
Como funciona a aposentadoria por tempo de contribuição?,Previdenciário
Como calcular as férias proporcionais?,Trabalhista
Como contestar cláusula abusiva em contrato?,Cível
Fui cobrado indevidamente no cartão.,Consumidor
Tenho direito a fiança?,Penal
Posso acumular cargos públicos?,Administrativo
Qual a diferença entre ICMS e ISS?,Tributário
Qual o regime tributário ideal para minha empresa?,Empresarial
Quais são os critérios para receber o BPC LOAS?,Previdenciário
Como funcionam as horas extras no meu contrato?,Trabalhista
Meu vizinho invadiu meu terreno com construção.,Cível
Como acionar o Procon contra uma empresa?,Consumidor
Como registrar boletim de ocorrência por injúria?,Penal
Como recorrer de uma multa administrativa?,Administrativo
Como parcelar dívidas com a Receita Federal?,Tributário
Preciso revisar contrato social da empresa.,Empresarial
Como funciona a aposentadoria por tempo de contribuição?,Previdenciário
Como calcular as férias proporcionais?,Trabalhista
Como contestar cláusula abusiva em contrato?,Cível
Atraso na entrega de produto comprado online.,Consumidor
"Fui vítima de ameaça, como denunciar?",Penal
Como participar de licitação pública?,Administrativo
Como parcelar dívidas com a Receita Federal?,Tributário
Como abrir uma sociedade limitada?,Empresarial
Como funciona a aposentadoria por tempo de contribuição?,Previdenciário
Quais são os direitos após demissão sem justa causa?,Trabalhista
Meu vizinho invadiu meu terreno com construção.,Cível
"Recebi produto com defeito, o que fazer?",Consumidor
Como registrar boletim de ocorrência por injúria?,Penal
Como recorrer de uma multa administrativa?,Administrativo
Como parcelar dívidas com a Receita Federal?,Tributário
Regras da Lei Geral de Proteção de Dados.,Empresarial
Como pedir aposentadoria por invalidez?,Previdenciário
Como calcular as férias proporcionais?,Trabalhista
Quero entrar com ação de divórcio consensual.,Cível
Como acionar o Procon contra uma empresa?,Consumidor
"Fui vítima de ameaça, como denunciar?",Penal
Como funciona o PAD (Processo Administrativo Disciplinar)?,Administrativo
Qual a diferença entre ICMS e ISS?,Tributário
Como abrir uma sociedade limitada?,Empresarial
Como funciona a aposentadoria por tempo de contribuição?,Previdenciário
Como funcionam as horas extras no meu contrato?,Trabalhista
Como contestar cláusula abusiva em contrato?,Cível
Atraso na entrega de produto comprado online.,Consumidor
Tenho direito a fiança?,Penal
Posso acumular cargos públicos?,Administrativo
Como parcelar dívidas com a Receita Federal?,Tributário
Preciso revisar contrato social da empresa.,Empresarial
Como pedir aposentadoria por invalidez?,Previdenciário
Como calcular as férias proporcionais?,Trabalhista
Meu vizinho invadiu meu terreno com construção.,Cível
Atraso na entrega de produto comprado online.,Consumidor
Como registrar boletim de ocorrência por injúria?,Penal
Posso acumular cargos públicos?,Administrativo
Minha empresa recebeu multa fiscal.,Tributário
Como abrir uma sociedade limitada?,Empresarial
Tenho direito à pensão por morte?,Previdenciário
A empresa não depositou o FGTS corretamente.,Trabalhista
Quero entrar com ação de divórcio consensual.,Cível
Atraso na entrega de produto comprado online.,Consumidor
Tenho direito a fiança?,Penal
Como participar de licitação pública?,Administrativo
Como parcelar dívidas com a Receita Federal?,Tributário
Como registrar uma marca no INPI?,Empresarial
Tenho direito à pensão por morte?,Previdenciário
Como funcionam as horas extras no meu contrato?,Trabalhista
Quero entrar com ação de divórcio consensual.,Cível
"Recebi produto com defeito, o que fazer?",Consumidor
Qual a pena por porte de drogas?,Penal
Como recorrer de uma multa administrativa?,Administrativo
Qual a diferença entre ICMS e ISS?,Tributário
Qual o regime tributário ideal para minha empresa?,Empresarial
Como pedir aposentadoria por invalidez?,Previdenciário
Posso ser demitido durante o aviso médico?,Trabalhista
Desejo mover ação de cobrança judicial.,Cível
Atraso na entrega de produto comprado online.,Consumidor
"Fui vítima de ameaça, como denunciar?",Penal
Posso acumular cargos públicos?,Administrativo
Minha empresa recebeu multa fiscal.,Tributário
Como abrir uma sociedade limitada?,Empresarial
Tenho direito à pensão por morte?,Previdenciário
Posso ser demitido durante o aviso médico?,Trabalhista
Meu vizinho invadiu meu terreno com construção.,Cível
Fui cobrado indevidamente no cartão.,Consumidor
"Fui vítima de ameaça, como denunciar?",Penal
Como participar de licitação pública?,Administrativo
Minha empresa recebeu multa fiscal.,Tributário
Como abrir uma sociedade limitada?,Empresarial
Quais são os critérios para receber o BPC LOAS?,Previdenciário
Quais são os direitos após demissão sem justa causa?,Trabalhista
Quero entrar com ação de divórcio consensual.,Cível
Fui cobrado indevidamente no cartão.,Consumidor
Qual a pena por porte de drogas?,Penal
Quais direitos tenho como servidor público?,Administrativo
Minha empresa recebeu multa fiscal.,Tributário
Regras da Lei Geral de Proteção de Dados.,Empresarial
Quais são os documentos para aposentadoria rural?,Previdenciário
Como calcular as férias proporcionais?,Trabalhista
Como contestar cláusula abusiva em contrato?,Cível
"Recebi produto com defeito, o que fazer?",Consumidor
"Fui vítima de ameaça, como denunciar?",Penal
Como recorrer de uma multa administrativa?,Administrativo
Como parcelar dívidas com a Receita Federal?,Tributário
Preciso revisar contrato social da empresa.,Empresarial
Quais são os documentos para aposentadoria rural?,Previdenciário
Posso ser demitido durante o aviso médico?,Trabalhista
Discussão sobre guarda dos filhos.,Cível
Como acionar o Procon contra uma empresa?,Consumidor
Dirigi embriagado e fui preso em flagrante.,Penal
Como funciona o PAD (Processo Administrativo Disciplinar)?,Administrativo
Quais impostos um MEI paga?,Tributário
Como abrir uma sociedade limitada?,Empresarial
